Symbol,Last Known Close,Sentiment Score,Estimated Close,Stock Direction,Confidence
MMM,144.77,2.0,139.73442582447024,↓,0.03555109751974762
AOS,62.91,5.0,65.89309147355982,↑,0.032696302476077105
ABT,117.855,3.0,116.18656010611085,↓,0.056741750259813026
ABBV,156.55,12.0,154.75084131913718,↓,0.13964584075816114
ABMD,290.31,16.0,358.7544559781127,↑,0.00421002844865024
ACN,306.645,9.0,365.9039750297561,↑,0.008234370418795848
ATVI,77.27,-8.0,82.61552271755136,↑,0.009345377351068225
ADM,90.4296,7.0,92.44062771039353,↑,0.053025155245129685
ADBE,405.3,12.0,682.7262559729797,↑,0.003724771398715572
AAP,225.64,6.0,226.46739948371578,↑,0.20172581614836568
AMD,86.695,-3.0,92.80753145434403,↑,0.008494419660406006
AES,21.495,8.0,35.174760808440055,↑,0.0011656197357954063
AFL,61.155,11.0,83.91537866222825,↑,0.001143065081497212
A,118.755,14.0,221.91325429925996,↑,0.0022153367579173053
APD,236.83,14.0,249.2791693824961,↑,0.019054453710191457
AKAM,115.74,9.0,118.17280319582642,↑,0.04496201361986218
ALK,54.17,-4.0,55.366675673384634,↑,0.013151309588391108
ALB,189.92,8.0,203.96465283851649,↑,0.0068331093755992275
ARE,191.75,12.0,197.4169019805522,↑,0.018271212827105223
ALGN,363.9315,6.0,439.21033776703734,↑,0.012348762362187418
ALLE,115.14,10.0,121.68975146366529,↑,0.012803656940842862
LNT,61.89,9.0,62.745971569416724,↑,0.029410746107633168
ALL,130.125,6.0,161.1382275518381,↑,0.002993781141167259
GOOGL,2424.49,-7.0,2602.690390747739,↑,0.005339890215967272
GOOG,2432.975,-6.0,2512.120015179942,↑,0.007888897850097698
MO,55.185,6.0,54.991588718599814,↓,0.7861746018485242
AMZN,2826.3599,-7.0,3378.834630987374,↑,0.0026557875675135762
AMCR,11.65,11.0,11.622225781301154,↓,0.5398820585892844
AEE,95.17,14.0,94.96848657144983,↓,0.12943838085726797
AAL,18.985,3.0,18.753742520654896,↓,0.5279364053072421
AEP,99.779,6.0,99.23123695743561,↓,0.1429064486006747
AXP,180.7,13.0,179.56313211088582,↓,0.16513665005016642
AIG,58.22,1.0,90.56681313140143,↑,0.0010620223459979045
AMT,255.77,4.0,252.93286131870263,↓,0.2536978824387138
AWK,159.06,15.0,159.541644946421,↑,0.01822043943709587
AMP,265.99,10.0,400.44717857092746,↑,0.0015481276433365315
ABC,159.26,13.0,158.49306492096366,↓,0.2722741371031773
AME,126.59,7.0,128.8760201714706,↑,0.01873214446055545
AMGN,251.065,14.0,250.16123473780317,↓,0.3867916328116053
APH,69.39,10.0,89.62706131675623,↑,0.005705246285420201
ADI,154.6981,18.0,155.336486551716,↑,0.016757796059945682
ANSS,275.21,6.0,313.15087473117774,↑,0.014518566664527761
ANTM,506.555,9.0,503.05303221913346,↓,0.34446940297067247
AON,313.34,14.0,339.6462140181684,↑,0.01291900815876398
APA,38.82,7.0,44.28998875617981,↑,0.016045242858424923
AAPL,158.7975,1.0,160.2551601986188,↑,0.012464343392794498
AMAT,110.595,11.0,186.15408341827242,↑,0.00497656426142958
APTV,103.52,-6.0,109.55796121186359,↑,0.014027381473622697
ANET,116.41,14.0,181.7347728832392,↑,0.001721324978126793
AJG,175.54,15.0,177.1987037763247,↑,0.03814019559548985
AIZ,185.89,10.0,184.95014011445346,↓,0.40573343091322617
T,19.495,15.0,19.38113748605656,↓,0.5094603369857182
ATO,117.61,9.0,117.93211089354372,↑,0.10055864718399513
ADSK,188.3989,10.0,278.14712279176865,↑,0.006762582317615383
ADP,224.53,7.0,220.99921479370096,↓,0.1522096330616817
AZO,2217.9,13.0,2220.95410490036,↑,0.529777306222818
AVB,245.85,10.0,244.25351429612056,↓,0.06445763771034237
AVY,175.49,6.0,179.83197356455366,↑,0.0443496370088274
BKR,31.46,3.0,36.09831895570733,↑,0.0068641730534757875
BLL,81.695,8.0,115.98493772587972,↑,0.001410639880752853
BAC,36.78,14.0,66.38041000728373,↑,0.0024980578581630104
BBWI,53.295,9.0,53.06932511694322,↓,0.3509384671804264
BAX,71.16,11.0,109.67028028471441,↑,0.0019133288363534391
BDX,255.58,0.0,266.13409767820485,↑,0.005634223296718158
BBY,94.404,2.0,96.25700708080149,↑,0.12566682438919527
BIO,500.155,15.0,1241.0223373669264,↑,0.0017678012791704553
BIIB,208.28,-6.0,206.2867837384215,↓,0.08151318773538048
BLK,651.6413,-3.0,662.7533698259549,↑,0.008583611063749826
BK,43.76,3.0,43.41574678314589,↓,0.024164918902274107
BA,167.85,1.0,160.0048024195455,↓,0.014713462242491164
BKNG,2183.06,11.0,2155.620937928339,↓,0.2517486293880574
BWA,36.25,10.0,41.687072627202724,↑,0.012929404950527136
BXP,124.7,5.0,123.79097927095609,↓,0.49983233130861043
BSX,42.93,10.0,44.470011885083295,↑,0.004966166708891625
BMY,75.8801,1.0,74.46973640526448,↓,0.20148597923234107
AVGO,569.44,15.0,580.2387317037101,↑,0.01564493451683119
BR,148.6,8.0,148.755611424358,↑,0.04130254595413754
BRO,66.54,19.0,74.8757468297299,↑,0.0018876422200125307
CHRW,101.845,13.0,101.33188376420094,↓,0.3195877428246014
CDNS,153.7,9.0,152.81924207467,↓,0.397704975533351
CZR,65.54,11.0,105.79550896746139,↑,0.003975423812526059
CPB,46.57,7.0,46.51242817246202,↓,0.7887882343998508
COF,133.42,8.0,132.392476069469,↓,0.11753104750605914
CAH,61.05,10.0,60.877679268729935,↓,0.2209054077071157
KMX,89.53,-4.0,98.11935242084974,↑,0.008659302538024742
CCL,17.5963,3.0,17.259963371981712,↓,0.019850641223423577
CARR,40.43,6.0,44.95924832054368,↑,0.009538439817055988
CTLT,88.0788,6.0,107.91365857270966,↑,0.004673450103658439
CAT,211.3193,9.0,224.46293354034424,↑,0.010136804754854773
CBOE,113.58,14.0,142.09624195738684,↑,0.0032971481398891274
CBRE,83.4299,11.0,119.6729589558056,↑,0.004863122415865062
CDW,165.11,13.0,253.80952704341462,↑,0.002512308673040264
CE,140.49,12.0,147.9776290860973,↑,0.0193666333402201
CNC,83.15,14.0,84.90698198447444,↑,0.012642073045991787
CNP,31.43,11.0,31.645813160101852,↑,0.1038940613540787
CERN,93.62,10.0,93.6161985701765,↓,0.8641223217264428
CF,95.1,10.0,106.54441871902418,↑,0.020025352572976194
CRL,234.86,10.0,576.9027688766378,↑,0.0014713298139710151
SCHW,69.2939,8.0,103.53047593671226,↑,0.002429439437112946
CHTR,490.33,7.0,660.2017061785891,↑,0.0027464957110672184
CVX,157.425,8.0,168.353949583533,↑,0.026321501254021468
CMG,1452.3492,6.0,1482.5040202140808,↑,0.00881747296093334
CB,206.0105,9.0,206.45396187417646,↑,0.02303727381081221
CHD,102.925,8.0,102.76612310458586,↓,0.8936508378247519
CI,255.355,15.0,254.100557973994,↓,0.3128257329772725
CINF,134.7,16.0,134.88605761979852,↑,0.04729785124160256
CTAS,403.98,11.0,399.00530236898703,↓,0.03679666740676439
CSCO,51.37,9.0,58.83648546306233,↑,0.01126520361583172
C,50.765,0.0,49.4992529294268,↓,0.017205062866801995
CFG,40.46,7.0,47.778045647980434,↑,0.009824435109801357
CTXS,101.03,13.0,100.73321653212042,↓,0.21361749137556654
CLX,146.96,6.0,146.55349491057336,↓,0.3587612210643088
CME,216.0,14.0,470.61821178583386,↑,0.0004343781695118662
CMS,70.67,13.0,70.58735585804061,↓,0.13531523746586321
KO,65.51,9.0,65.49166231214394,↓,0.8164791884922205
CTSH,82.9,10.0,90.44241546273406,↑,0.004855656043722041
CL,80.745,10.0,80.48541843433213,↓,1.0
CMCSA,45.21,0.0,44.30411127652542,↓,0.012693007793695218
CMA,82.64,1.0,78.47547116851979,↓,0.021944537930125886
CAG,35.725,3.0,35.54497682246256,↓,0.5364062693424995
COP,92.0584,4.0,96.07792399738719,↑,0.013264121878938941
ED,95.35,9.0,96.12764794434224,↑,0.09863449124083226
STZ,248.02,10.0,246.43019815123444,↓,0.45392650704431586
CPRT,115.24,11.0,122.94702660363191,↑,0.021276293373153177
GLW,35.9,10.0,36.254943297306,↑,0.01050146062591212
CTVA,56.76,11.0,60.95673219144737,↑,0.02243841177252425
COST,558.97,13.0,576.9630059481133,↑,0.01910900921579566
CTRA,28.81,12.0,28.515101244664038,↓,0.4175058803477926
CCI,190.16,16.0,190.1347421116625,↓,0.09056751335901861
CSX,34.38,11.0,34.598958982480326,↑,0.029746771321645327
CMI,192.48,5.0,191.96774293060662,↓,0.02286938742783706
CVS,102.35,9.0,102.11753985168934,↓,0.07315054489640875
DHI,73.98,12.0,84.80642339319638,↑,0.02187356528110706
DHR,252.06,14.0,524.2309088229649,↑,0.0011154354904370982
DRI,132.31,4.0,131.4613701537478,↓,0.3867990291168691
DVA,110.95,3.0,171.62317689247539,↑,0.0007771388987069051
DE,383.64,5.0,579.4436372511973,↑,0.001991380449081753
DAL,42.36,6.0,42.06093641945836,↓,0.7892591059377979
XRAY,41.13,-2.0,39.2974368729391,↓,0.02714671226534659
DVN,56.7762,13.0,60.912538295240665,↑,0.015676991281607468
DXCM,426.955,14.0,515.5864579677582,↑,0.0025202671777225087
FANG,126.57,15.0,133.03702363952107,↑,0.006386379915419652
DLR,150.56,11.0,150.6177083171624,↑,0.2939120838494486
DFS,110.68,2.0,109.08812466640802,↓,0.10911654118310288
DISH,31.23,15.0,30.827272466549175,↓,0.04302563848296313
DG,246.14,11.0,244.2398803667893,↓,0.5178737223835348
DLTR,169.02,7.0,167.51068690506327,↓,0.7099137861875373
D,83.82,10.0,87.69210955333438,↑,0.010829394292552775
DPZ,371.64,-1.0,369.51717862300575,↓,0.011435553753301776
DOV,141.08,14.0,240.4615696229339,↑,0.0024142519475805254
DOW,67.7801,14.0,67.5199993455617,↓,0.23651777100554194
DTE,135.11,9.0,135.05604683561887,↓,0.19831013261653926
DUK,114.77,8.0,114.25002798778041,↓,0.9344723915836107
DRE,58.94,15.0,58.657535460888084,↓,0.22414981698218064
DD,66.741,9.0,83.17680974718678,↑,0.005771424770908012
DXC,29.61,11.0,36.04676998869087,↑,0.007653082918290424
EMN,104.51,10.0,133.6625786256327,↑,0.003849437419331049
ETN,145.08,9.0,144.9440336357402,↓,0.2121289333757215
EBAY,53.87,2.0,53.93138462798868,↑,0.06916705806443033
ECL,170.68,8.0,170.85260916477364,↑,0.04707823067234557
EIX,70.43,12.0,70.75339226465348,↑,0.12089244691318209
EW,117.38,11.0,115.78195956792024,↓,0.05242774660082452
EA,125.91,15.0,126.7092117245245,↑,0.06952404961341656
LLY,284.37,5.0,282.33620142936707,↓,0.04893129800804188
EMR,90.55,8.0,109.81428301574192,↑,0.0013980302190553329
ENPH,155.98,9.0,164.59715590297674,↑,0.007861383162739127
ETR,121.48,7.0,121.21806317493247,↓,0.15501089339488652
EOG,112.446,16.0,119.45918928254468,↑,0.010659434732818766
EFX,210.07,11.0,249.11503958314825,↑,0.016096401039695115
EQIX,745.0,13.0,740.9061762609635,↓,0.43994678675102306
EQR,89.35,11.0,89.33983989799981,↓,0.03962227934165999
ESS,344.61,13.0,343.4149541403276,↓,0.1686983591162457
EL,257.95,10.0,313.6705657821949,↑,0.012167535915177578
ETSY,101.675,5.0,107.28592800317551,↑,0.05629782406714589
RE,280.765,8.0,287.26350697875023,↑,0.0063866750830654335
EVRG,69.69,11.0,69.71798675441187,↑,0.1460979945577394
ES,90.16,7.0,91.12810773823458,↑,0.05439558052638033
EXC,48.665,14.0,48.36656215003268,↓,0.379967832305901
EXPE,180.67,-6.0,184.326060052892,↑,0.02877348623887968
EXPD,99.51,11.0,108.52855980580307,↑,0.024922657773675326
EXR,206.14,11.0,204.00118240566007,↓,0.030089664191068535
XOM,82.85,3.0,82.39480442364402,↓,0.05540802588155111
FFIV,197.43,-2.0,193.37471382091826,↓,0.020751911866259742
FB,184.41,-2.0,185.1785548988271,↑,0.009725819515688629
FAST,56.55,17.0,56.19957467970585,↓,0.13820827588845208
FRT,119.99,11.0,123.03780427866946,↑,0.023208260439925858
FDX,202.17,12.0,282.672200728035,↑,0.006046395880795635
FIS,96.315,12.0,97.1653209514543,↑,0.019907760411100022
FITB,38.135,12.0,58.762605903770236,↑,0.003754564874634456
FRC,152.83,11.0,230.41501348658767,↑,0.00427243427182299
FE,45.15,5.0,47.139876371485116,↑,0.01354828479963348
FISV,96.66,10.0,98.09387686916557,↑,0.01356868427449673
FLT,249.485,11.0,251.12610625784146,↑,0.06921924325595068
FMC,131.34,11.0,134.5528873485655,↑,0.05075034881837714
F,14.845,0.0,14.34133297104431,↓,0.013337059616489072
FTNT,312.33,10.0,305.79226497706077,↓,0.029597786551468493
FTV,57.365,8.0,61.90332245361884,↑,0.020791620215808288
FBHS,73.07,5.0,68.97908926083187,↓,0.06659792042621883
FOXA,37.385,7.0,39.3634621243275,↑,0.0074197914307054585
FOX,34.7,9.0,37.49683039167667,↑,0.006716299552737748
BEN,26.01,5.0,25.74328617404194,↓,0.12931320844510655
FCX,40.245,2.0,88.86186892032492,↑,0.0010278068905151302
GPS,12.505,-14.0,22.19439585747412,↑,0.0014006136381464703
GRMN,111.26,10.0,117.80318071010606,↑,0.026229376154198698
IT,291.165,3.0,286.88782996046575,↓,0.14397983716809554
GNRC,232.96,13.0,509.1100068616822,↑,0.002138588096603167
GD,239.26,2.0,236.8436720610971,↓,0.12311798862240339
GE,80.4313,-13.0,199.08044217059887,↑,0.0003711648643128022
GIS,71.52,0.0,71.31248923528528,↓,0.39525254309546654
GM,38.4599,8.0,54.74536602235514,↑,0.010071121365439297
GPC,134.87,14.0,133.78617967665195,↓,0.27368162920673833
GILD,62.185,11.0,61.845483611471536,↓,0.3032499097401429
GPN,132.485,10.0,132.81915338563567,↑,0.011288354311261921
GS,315.4375,-1.0,309.2076776597896,↓,0.01220141886455926
HAL,35.275,8.0,41.47183598312199,↑,0.015060492941932326
HBI,13.645,5.0,14.391078615359731,↑,0.00949426499700104
HAS,88.98,7.0,90.85835248231888,↑,0.03448015370570031
HCA,218.86,-10.0,504.3443877703685,↑,0.0005017102152225369
PEAK,34.32,4.0,33.91220973433519,↓,0.15343672506881337
HSIC,86.2415,17.0,88.94756590911857,↑,0.013753909552808611
HES,101.8,12.0,119.46874472498894,↑,0.012274255737463385
HPE,15.36,5.0,15.990580728111468,↑,0.005934253550834706
HLT,152.62,10.0,151.19962055358883,↓,0.41348931850563225
HOLX,70.995,14.0,94.32001472744423,↑,0.0010722867120839627
HD,302.885,5.0,299.27220089815546,↓,0.0887939338056565
HON,188.895,6.0,186.4691983076541,↓,0.11896836250540653
HRL,52.71,11.0,52.567474991083145,↓,0.1983596170866301
HST,20.595,11.0,20.66716194764922,↑,0.17947280563856927
HWM,34.615,9.0,34.22191699656378,↓,0.11536663786308214
HPQ,36.635,6.0,36.45030474306418,↓,0.016228396702920818
HUM,434.075,7.0,446.72885285964,↑,0.02650008495519508
HBAN,13.71,10.0,14.765319030688175,↑,0.029494563621483613
HII,220.03,7.0,219.20954470496508,↓,0.8547716318719477
IBM,137.08,12.0,144.52131312014944,↑,0.018061512672048308
IDXX,462.35,15.0,1010.7306896151526,↑,0.001954009997518041
ITW,200.57,11.0,218.85569041148938,↑,0.021282813606157608
ILMN,304.86,10.0,512.415291472671,↑,0.0021566040646305677
INCY,74.7736,16.0,80.50600558912629,↑,0.004604965186178324
IR,44.16,7.0,53.773974498613825,↑,0.006253300175994335
INTC,46.05,0.0,45.236377337202384,↓,0.026557630080762035
ICE,115.3,7.0,152.63372355453248,↑,0.0017054999433498315
IFF,120.8394,8.0,122.96089930531843,↑,0.024654705741104982
IP,47.44,3.0,47.07270900819094,↓,0.5178715034208213
IPG,34.325,14.0,34.249877469095054,↓,0.05564814162812741
INTU,426.1,6.0,504.6853323447722,↑,0.006635098041188088
ISRG,247.85,-7.0,327.27671855647714,↑,0.003502056156195883
IVZ,19.29,3.0,21.809009410440922,↑,0.0038401692339842474
IPGP,94.03,-4.0,109.46504689095218,↑,0.012005621005279533
IQV,207.18,12.0,486.14921809091175,↑,0.0009671215572956311
IRM,54.85,9.0,54.88393610280991,↑,0.17195913256167564
JBHT,173.22,10.0,178.68878179551962,↑,0.05321845900780767
JKHY,194.695,13.0,196.77787667367375,↑,0.0726459661387611
J,139.325,12.0,141.04728893990523,↑,0.055479609600499635
SJM,140.5905,6.0,139.96488194071753,↓,0.6851038228447919
JNJ,185.7,9.0,184.5666706122429,↓,0.3011494017933751
JCI,61.09,13.0,86.18587904412584,↑,0.005315722637518357
JPM,123.61,3.0,122.93577028530717,↓,0.028616118678704082
JNPR,34.0,12.0,33.97331491703653,↓,0.010786662550381312
K,68.65,3.0,68.51642821198038,↓,0.6169918837100772
KEY,20.13,3.0,20.045275090892517,↓,0.03605313774486578
KEYS,143.48,14.0,280.17344306771156,↑,0.0036583236763670255
KMB,140.42,7.0,195.15366129655376,↑,0.002832245016587543
KIM,25.32,5.0,25.24552092431759,↓,0.7497866552440392
KMI,18.525,16.0,19.393510727384637,↑,0.011957839673775587
KLAC,320.075,5.0,321.95369894776377,↑,0.032074099234359006
KHC,42.605,10.0,42.478039021942095,↓,0.8993372932691388
KR,55.725,11.0,55.63482366669632,↓,0.08985980549020788
LHX,242.515,5.0,241.71872107866147,↓,0.02196383747566711
LH,253.65,11.0,379.65257279620437,↑,0.001946630450456186
LRCX,466.36,5.0,461.643968122376,↓,0.1233367919825639
LW,67.17,13.0,66.69604933612936,↓,0.5897579927798162
LVS,34.84,7.0,34.524884491656394,↓,0.03808421084868666
LEG,36.8,7.0,36.960078915938766,↑,0.15976415439563588
LDOS,107.23,9.0,106.90547813984631,↓,0.2751757366247221
LEN,78.47,8.0,78.55252252975629,↑,0.0963759300049726
LNC,61.86,10.0,64.58488352237237,↑,0.008955542703357402
LIN,305.6,11.0,300.8066591470779,↓,0.029532090198343415
LYV,108.37,10.0,107.5773823188224,↓,0.2517733590533455
LKQ,49.16,12.0,49.27323915994657,↑,0.23889724238934495
LMT,447.23,7.0,444.5747508223758,↓,0.20427555101384234
L,64.02,5.0,63.5988794896316,↓,0.06769705425440804
LOW,201.56,9.0,211.95309491828084,↑,0.040193537751935744
LUMN,10.825,12.0,10.80197629387439,↓,0.04340599772338325
LYB,104.79,8.0,103.98415066503003,↓,0.12018080351003434
MTB,170.54,10.0,171.78233140352495,↑,0.15041487269976958
MRO,24.245,13.0,24.9919550306131,↑,0.04250542583706872
MPC,86.37,12.0,85.71946721813765,↓,0.4285655597799982
MKTX,263.81,5.0,263.52213348542455,↓,0.17605311845088467
MAR,177.83,5.0,175.79491098597828,↓,0.4974592666864699
MMC,169.85,10.0,168.60935250590774,↓,0.39088853706290344
MLM,352.67,1.0,342.2375664073452,↓,0.021335380387005068
MAS,53.08,4.0,52.99781226636014,↓,0.017340649021207043
MA,347.02,8.0,341.467401422462,↓,0.08115274796792557
MTCH,81.15,6.0,84.76099533265187,↑,0.01543432956533432
MKC,101.245,14.0,100.89022328838473,↓,0.290428166341045
MCD,249.35,0.0,247.61593843168157,↓,0.2522430732361318
MCK,318.81,12.0,317.11938830000327,↓,0.3965652037746269
MDT,107.745,6.0,107.97391514001538,↑,0.022505707539696936
MRK,84.76,12.0,84.54660868961037,↓,0.23491335133632815
MET,67.1,9.0,79.97693054817819,↑,0.0030772853181586647
MTD,1266.88,15.0,2393.0849960498635,↑,0.00241906440775255
MGM,40.52,9.0,40.17926936122808,↓,0.1388678187397722
MCHP,66.09,7.0,70.00139047875905,↑,0.027483029380028213
MU,68.2,3.0,67.84927364057467,↓,0.03715005647301497
MSFT,273.86,-6.0,304.11168391610227,↑,0.0058097270203633245
MAA,204.46,9.0,203.74712305473622,↓,0.09291874822297923
MRNA,148.35,10.0,154.04360182628216,↑,0.05937892690462985
MHK,126.715,3.0,119.4716464109415,↓,0.04580589966282111
TAP,54.455,3.0,54.046117709803184,↓,0.5238629887770692
MDLZ,64.665,17.0,64.35829811360463,↓,0.3957893140492866
MPWR,402.37,12.0,403.9420020450907,↑,0.038755532569047305
MNST,86.765,7.0,87.22539630532265,↑,0.22031754213309795
MCO,320.395,2.0,312.1167330816388,↓,0.05117877056770665
MS,83.19,5.0,87.28544715772841,↑,0.016631539900159156
MSI,223.425,13.0,228.14287762820595,↑,0.023336217729708137
MSCI,437.23,9.0,672.8554857695995,↑,0.0027572519969485806
NDAQ,163.71,12.0,269.49276681323227,↑,0.0018921610876799055
NTAP,76.08,3.0,74.67565296687576,↓,0.04030370120153838
NFLX,202.87,-2.0,165.41125817110697,↓,0.017097965386806958
NWL,22.9382,7.0,23.03347545637871,↑,0.2423023304386866
NEM,72.525,0.0,94.97583071887493,↑,0.003528660886166557
NEE,73.885,6.0,87.53469292088175,↑,0.0033813030538201957
NLSN,26.5,3.0,25.470242453549872,↓,0.199661139222957
NKE,121.58,4.0,117.51197292282609,↓,0.014621972563406086
NI,30.38,6.0,31.676727199524976,↑,0.013324443496891826
NSC,257.9,13.0,285.7501431482724,↑,0.008629367987232054
NTRS,108.38,6.0,107.31831568605048,↓,0.06627983594733161
NOC,445.26,6.0,442.3674674659778,↓,0.08493499750021145
NLOK,25.47,1.0,24.46023470337525,↓,0.022031003342740926
NCLH,19.97,10.0,19.64154266551003,↓,0.038649040013459444
NRG,37.575,11.0,39.65221777185661,↑,0.007528731349564358
NUE,158.085,9.0,155.66712118596752,↓,0.3181647522662592
NVDA,190.96,-2.0,180.82896560202448,↓,0.01532363868885948
NVR,4445.5,4.0,4220.073614519148,↓,0.04659800230966245
NXPI,169.55,9.0,189.50791995332156,↑,0.020181758348948742
ORLY,721.035,12.0,718.7707830559957,↓,0.8335852990602093
OXY,55.06,13.0,56.354059840683476,↑,0.07468050649636668
ODFL,275.96,15.0,294.8833004664666,↑,0.02041701244596032
OMC,79.005,7.0,78.46511496135645,↓,0.33268022206736236
OKE,65.61,9.0,84.42452327283127,↑,0.002868194463262218
ORCL,75.46,13.0,82.7311953086919,↑,0.00625073208242062
OTIS,72.96,11.0,83.35979652457581,↑,0.007055690976846193
PCAR,84.0063,11.0,87.96934476901697,↑,0.018263051182004733
PKG,160.25,17.0,159.74197566643124,↓,0.302369370050196
PH,274.45,11.0,301.3947179938805,↑,0.01467198661927354
PAYX,130.46,7.0,134.22246532070494,↑,0.021471437442476208
PAYC,289.05,8.0,395.40846181601046,↑,0.004403304411742885
PYPL,85.48,4.0,92.67668381125475,↑,0.0216277225543239
PENN,37.255,14.0,55.664241593122426,↑,0.0068573623013991405
PNR,52.415,9.0,61.18634066145893,↑,0.018205875654158828
PEP,174.36,1.0,174.20944880178286,↓,0.35877671440527675
PKI,143.97,11.0,271.62969848890316,↑,0.0017573334994679865
PFE,49.265,12.0,49.69647959780002,↑,0.026406975060811716
PM,103.22,13.0,102.72379146457752,↓,0.46853716996209127
PSX,82.705,6.0,81.24958550930023,↓,0.12381189914145263
PNW,75.75,10.0,75.73090464489178,↓,0.058203278135308935
PXD,230.96,12.0,255.2461580983072,↑,0.01402836560615316
PNC,170.89,0.0,167.120330900495,↓,0.01410112711767538
POOL,422.3,16.0,599.7867255307247,↑,0.006378753761108608
PPG,127.22,9.0,126.57836514152405,↓,0.09991302579266934
PPL,29.36,8.0,29.18351104326962,↓,0.5649695571640946
PFG,70.54,10.0,70.54430529261163,↑,0.012138998823589877
PG,160.61,-1.0,160.29226393333192,↓,0.26073730543027895
PGR,109.235,6.0,107.99705584667572,↓,0.027469233345280314
PLD,166.35,13.0,165.49247570993248,↓,0.5909182586946405
PRU,111.23,4.0,128.60902244801855,↑,0.0034601189248817704
PTC,98.76,14.0,150.15613288540044,↑,0.00354123270809813
PEG,71.53,5.0,71.1801326361383,↓,0.10430830076950605
PSA,395.74,9.0,398.495280257117,↑,0.055635599669734595
PHM,43.35,12.0,43.67515662546816,↑,0.0820169218660062
PVH,73.36,5.0,70.62931535929738,↓,0.06936831226169013
QRVO,111.34,5.0,118.00800033362839,↑,0.03226051830244042
QCOM,135.96,6.0,137.15778533422053,↑,0.1154215537335
PWR,118.045,4.0,154.20200765406662,↑,0.003837179226834301
DGX,135.84,10.0,138.0121465015036,↑,0.08284059961785896
RL,104.75,4.0,101.03964615029531,↓,0.02865495647841822
RJF,100.86,3.0,128.84870896299708,↑,0.0021896106622841982
RTX,99.96,-10.0,112.68860671227594,↑,0.0039631335378561
O,72.46,8.0,72.0362240488248,↓,0.39795243526854784
REGN,677.59,10.0,729.8577818632693,↑,0.009493929601325956
RF,21.185,6.0,21.073039782491946,↓,0.13309060610313048
RSG,135.755,6.0,135.6174872939273,↓,0.49792013069987656
RMD,219.06,8.0,299.06725357342293,↑,0.0016692801914430927
RHI,110.625,8.0,110.42468843676579,↓,0.0753685047641517
ROK,255.89,11.0,382.83324835057783,↑,0.004703073979892254
ROL,33.065,11.0,34.8139631967274,↑,0.014533394245818978
ROP,471.99,10.0,471.9654798369229,↓,0.32633235859262544
ROST,103.9127,7.0,103.43745175057484,↓,0.9039158907501202
RCL,79.07,5.0,77.61172072133195,↓,0.08560332089907645
SPGI,377.84,-4.0,379.3618578102032,↑,0.009994917205429825
CRM,171.325,12.0,329.0564535945814,↑,0.0027488959477296715
SBAC,354.78,10.0,350.3781820585464,↓,0.37529466370901254
SLB,39.85,2.0,39.53304033491963,↓,0.03875836472523136
STX,80.0,7.0,96.3240884864955,↑,0.010314936698095068
SEE,64.8,5.0,65.38951996340393,↑,0.009773860854044976
SRE,164.58,10.0,167.38211771802526,↑,0.07970675726755902
NOW,459.925,11.0,795.4535966997537,↑,0.002634563850575212
SHW,271.51,14.0,307.47831233734723,↑,0.014452538951381384
SPG,124.63,9.0,157.20859808980174,↑,0.006984418371686431
SWKS,114.09,-1.0,112.15203242154257,↓,0.011383963431654478
SNA,220.36,10.0,220.27257451244805,↓,0.38691372613308417
SO,74.205,13.0,74.79774663755097,↑,0.07610176737657767
LUV,45.305,2.0,44.69134832728014,↓,0.20244426812211985
SWK,139.66,8.0,158.89935233838514,↑,0.01994356923301643
SBUX,76.055,-2.0,77.64287612198939,↑,0.00983724499459353
STT,68.64,5.0,78.70025240653581,↑,0.0057360417549740805
STE,235.62,16.0,239.88833365238315,↑,0.00895415557002409
SYK,250.81,9.0,286.0507735590859,↑,0.0022416694904002364
SIVB,521.475,13.0,604.9742470637179,↑,0.024800478940417633
SYF,37.885,12.0,38.31500101658776,↑,0.0878635956800354
SNPS,285.21,12.0,373.9674699943944,↑,0.004930873601294443
SYY,88.15,10.0,88.14785700887933,↓,0.7852524116749822
TMUS,126.915,13.0,128.71900383882803,↑,0.05935818959401309
TROW,132.36,6.0,153.54313315271293,↑,0.010091631950183443
TTWO,126.5,12.0,236.54722278364852,↑,0.0024286577349517144
TPR,32.77,4.0,31.965545662770808,↓,0.030705443923615246
TGT,238.02,14.0,236.47850791655947,↓,0.6039637824030234
TEL,121.514,11.0,166.40899147434504,↑,0.007390501154249376
TDY,466.38,16.0,467.8587869606381,↑,0.04152079336506903
TFX,321.28,5.0,322.5932330811647,↑,0.012149141545906107
TER,109.34,11.0,137.63585126039368,↑,0.017956638997496645
TSLA,892.39,-3.0,1051.2786566051946,↑,0.0063327221491757055
TXN,170.03,9.0,171.0486024405045,↑,0.01453040208829547
TXT,67.03,10.0,77.57161538583784,↑,0.004771050382339602
COO,386.59,13.0,456.5055464045672,↑,0.0017926461192374788
HIG,70.35,11.0,79.12846203098161,↑,0.003783023116706404
HSY,221.47,8.0,221.27381497503666,↓,0.14789172418323435
MOS,63.845,11.0,75.28426391041921,↑,0.01461108481231931
TRV,173.11,14.0,176.72534561157227,↑,0.011069548270147516
DIS,116.84,-9.0,164.84037006908147,↑,0.002168658027953804
TMO,516.735,7.0,836.3735959113874,↑,0.001394653318654447
TJX,61.99,9.0,62.07267750775736,↑,0.06402402831446788
TSCO,207.39,15.0,223.98246271542484,↑,0.0029108824926948993
TT,145.89,12.0,194.06883283227444,↑,0.009043136857356226
TDG,620.09,10.0,619.1830294264073,↓,0.01980942061844578
TRMB,66.48,13.0,76.83722932789124,↑,0.011879333032122963
TFC,51.055,2.0,49.828752583958135,↓,0.025876662565552055
TWTR,50.085,0.0,48.6063913951466,↓,0.09442282742529431
TSN,93.11,11.0,92.4396884146845,↓,0.05857107833285473
USB,50.225,-3.0,51.07850181438141,↑,0.008407969841175533
UDR,57.21,4.0,56.70144938166777,↓,0.07508540315376959
ULTA,409.505,9.0,406.1196031823238,↓,0.38939522546075944
UAA,14.865,2.0,13.63186876122694,↓,0.03125992664620982
UA,13.835,2.0,13.259514976539549,↓,0.029343608822635082
UNP,235.34,12.0,298.4877361023068,↑,0.003280496300615901
UAL,49.215,6.0,48.95424741284978,↓,0.33278144729135556
UPS,185.09,-2.0,186.77058952254015,↑,0.009762037252132543
URI,303.3,10.0,473.0822452740513,↑,0.001186797509997428
UNH,517.28,6.0,525.4526664618752,↑,0.02931608249046675
UHS,126.61,8.0,638.6049520884403,↑,0.00020533596842042289
VLO,105.44,18.0,105.33331240130065,↓,0.2040566450045764
VTR,58.17,1.0,57.821523627772876,↓,0.030222931776996736
VRSN,208.61,9.0,211.79015570878983,↑,0.03284515839331659
VZ,49.79,13.0,120.95085519518625,↑,0.0002401378816476704
VRTX,268.81,11.0,272.8191013621836,↑,0.051534292424428814
VFC,52.92,0.0,49.476438019263924,↓,0.017980826838020145
VTRS,10.375,-5.0,10.451006008019107,↑,0.016777422523732308
V,203.6,8.0,206.0029246358954,↑,0.01022045139675154
VNO,40.97,7.0,40.709825043464775,↓,0.07566618127841751
VMC,171.66,6.0,177.1787791214274,↑,0.01594471142910501
WRB,67.03,15.0,66.72607397987304,↓,0.11182421420851665
GWW,494.46,15.0,492.25879348037415,↓,0.022857260382359613
WAB,87.43,10.0,104.41261741275207,↑,0.00291853127013196
WBA,45.105,10.0,45.5183369155111,↑,0.10862543743361978
WMT,155.995,3.0,154.7539158710024,↓,0.42949034504829775
WM,164.47,10.0,165.02657850911783,↑,0.13033316122286784
WAT,291.115,10.0,382.2730641122316,↑,0.005276156921782571
WEC,102.8,12.0,102.41131728289474,↓,0.38610102758971043
WFC,44.855,2.0,43.55381776391209,↓,0.01695532997407361
WELL,95.3681,9.0,94.94876575031958,↓,0.38180760738643027
WST,335.32,12.0,685.3816907449473,↑,0.0015751330622519003
WDC,49.6,8.0,49.31255573660428,↓,0.27920679338662424
WU,18.905,13.0,18.826495731961586,↓,0.2151962406513289
WRK,49.24,7.0,48.70058337223827,↓,0.3823851372209758
WY,41.055,15.0,40.63528078868194,↓,0.13822312484609645
WHR,188.565,5.0,201.36829473361195,↑,0.006272614892843269
WMB,34.475,3.0,33.833470027261455,↓,0.2929325309120414
WYNN,68.68,9.0,85.53419252296226,↑,0.005878775959016096
XEL,73.615,6.0,73.2442027994166,↓,0.23238713179114137
XYL,81.79,4.0,83.77866080756246,↑,0.045083240179517696
YUM,117.04,7.0,119.6654810344753,↑,0.012057101673227655
ZBRA,380.78,13.0,738.549609289797,↑,0.0047317464425509735
ZBH,125.15,12.0,124.3711984861693,↓,0.1577781625116462
ZION,56.29,10.0,112.91463287618308,↑,0.0010868082284256906
